"";"ley";"id";"año";"mes";"apellido";"rol";"texto";"discurso"
"1";"21555";3;2023;3;"ILABACA";"de pie";"El señor ILABACA (de pie).-
Señor Presidente, en representación de la Comisión de Constitución, Legislación, Justicia y Reglamento paso a informar, en primer trámite constitucional y reglamentario, sobre el proyecto de ley que refuerza las competencias de Gendarmería de Chile y crea un delito general de extorsión, iniciado en mensaje de su excelencia el Presidente de la República.
La idea matriz o fundamental del proyecto consiste en reforzar las competencias de Gendarmería de Chile y crear un delito general de extorsión.
Durante la discusión del proyecto se recibió al subsecretario de Prevención del Delito, señor Eduardo Vergara ; al subsecretario de Justicia, señor Jaime Gajardo ; a la jefa de la División Jurídica del Ministerio de Justicia y Derechos Humanos, señora María Ester Torres Hidalgo, y al asesor legislativo del Ministerio del Interior y Seguridad Pública, señor José Tomás Humud .
El mensaje señala que el proyecto propone cambiar el fundamento de la competencia como auxiliar de la investigación de Gendarmería de Chile, desde uno formal-territorial, esto es, confinado al interior de los recintos penitenciarios, a uno menos rígido de sustento material.
Agrega que así la lógica binaria dentro/fuera de la cárcel, en cuanto a la comisión del delito, es reemplazada por una razón de consideración, cuya determinación se basa exclusivamente en las necesidades de la investigación, siempre que las diligencias de investigación deban realizarse al interior de los establecimientos penitenciarios.
De esta forma, el Ministerio Público podría impartir instrucciones a Gendarmería sobre hechos que se relacionen con actividades ilícitas que ocurran, aun parcialmente, al interior de los establecimientos penales, despejando dudas por la intervención de Gendarmería, por ejemplo, en los casos de estafas telefónicas, donde parte de la conducta -la recepción del dinero, la disposición patrimonial de la víctima- se realiza fuera de las cárceles.
De esta forma, Gendarmería de Chile quedará disponible para el desarrollo de diligencias de investigación en la medida en que el Ministerio Público, que la dirige, lo estime pertinente y necesario.
Indica que, en consecuencia, lo determinante para la competencia como auxiliar de Gendarmería no será, como actualmente ocurre, que se trate de delitos cometidos en establecimientos penales, sino que las diligencias de investigación deban llevarse a cabo al interior de los mismos.
Por otra parte, el mensaje explica que el proyecto recoge la propuesta de un delito de extorsión contenida en el proyecto de ley sobre delitos económicos (boletines Nos 13204-07 y 13205-07, refundidos), que se basa ampliamente en el texto del anteproyecto de Código Penal sometido a consideración del Ejecutivo en 2018. De esta forma, se pretende consagrar una norma de disposición patrimonial mediante coacción de forma amplia, no limitando sus medios comisivos y correspondiéndose con las penas asignadas para el delito de robo.
El proyecto de ley consta de cuatro artículos.
El artículo 1° reemplaza el inciso final del artículo 79 del Código Procesal Penal. Esta norma es la que regula la función de la policía en el procedimiento penal como auxiliares del Ministerio Público en las tareas de investigación.
Los dos primeros incisos otorgan este carácter auxiliar a la Policía de Investigaciones y a Carabineros. El inciso final, por su parte, señala que, tratándose de la investigación de hechos cometidos en el interior de establecimientos penales, actuará como auxiliar del Ministerio Público Gendarmería de Chile.
El inciso final es reemplazado por este proyecto por otro que establece: “Sin perjuicio de los incisos anteriores, tratándose de investigaciones en las que apareciere necesario el carácter auxiliar de Gendarmería de Chile para la realización de diligencias de investigación en el interior de establecimientos penales, el Ministerio Público también podrá impartirle instrucciones. En estos casos, Gendarmería de Chile deberá actuar de conformidad con lo dispuesto en este Código.”.
Se puede apreciar con claridad que por esta nueva norma Gendarmería interviene no necesariamente porque los hechos investigados hayan ocurrido dentro de un recinto penal, sino porque se necesita realizar diligencias de investigación dentro de tales recintos.
El artículo 2° modifica la ley N° 19.665, que reforma el Código Orgánico de Tribunales, incorporando a Gendarmería de Chile como integrante tanto de la Comisión de Coordinación del Sistema de Justicia Penal, que es a nivel nacional, como en las comisiones regionales de Coordinación del Sistema de Justicia Penal. Esta modificación es muy relevante desde el momento en que esta institución podrá aportar al buen funcionamiento del sistema procesal penal y participar en acciones mancomunadas en este sector.
El artículo 3° introduce dos modificaciones en el Código Penal. Por la primera, agrega un inciso tercero y final al artículo 304 bis. Cabe precisar, para mayor claridad, que este artículo sanciona al que, sin estar legal o reglamentariamente autorizado al efecto, ingresare, intentare o permitiere ingresar por cualquier medio a un establecimiento penitenciario intercomunicadores, teléfonos, parte de ellos, chips telefónicos u otros elementos tecnológicos que permitan comunicarse con el exterior.
El inciso final que se agrega establece que si la conducta antes descrita fuere cometida por un empleado público para facilitar la perpetración de algunos de los crímenes o simples delitos previstos en los artículos 27, letra a), de la ley N° 19.913 (lavado de activos); artículos 1, 2, 3, 4 de la ley N° 20.000 (narcotráfico), y los artículos 141 (secuestro), 142 (sustracción de menores), 268 ter (homicidio de un fiscal del Ministerio Público o de un defensor penal público en razón del ejercicio de sus funciones), 391 (homicidio calificado), 438 (defraudación con violencia e intimidación), 467 y 468 (defraudación) del presente Código, se aumentará la pena del inciso primero en un grado y la inhabilitación absoluta perpetua para cargos u oficios públicos.
Por la segunda, reemplaza el artículo 438 por el siguiente: “Artículo 438. El que para obtener un provecho patrimonial para sí o para un tercero constriñere a otro con violencia o intimidación a suscribir, otorgar o entregar un instrumento público o privado que importe una obligación estimable en dinero, o a ejecutar, omitir o tolerar cualquier otra acción que importe una disposición patrimonial en perjuicio suyo o de un tercero, será castigado con las penas respectivamente señaladas en este párrafo para el culpable de robo.”.
Con este reemplazo se pretende consagrar una norma de disposición patrimonial mediante coacción de forma amplia, no limitando sus medios comisivos y correspondiéndose con las penas asignadas para el delito de robo.
Finalmente, el artículo 4° introduce en el inciso primero artículo 11 de la ley N° 20.931, que facilita la aplicación efectiva de las penas establecidas para los delitos de robo, hurto y receptación y mejora la persecución penal en
dichos delitos, las siguientes modificaciones:
1.Reemplázase la conjunción copulativa “y” a continuación de la expresión “tribunales de justicia” por una coma.
2.Intercálese, entre el vocablo “reinserción” y el punto que le sigue, las expresiones “y en la atención, custodia y asistencia de detenidos, sujetos a prisión preventiva y condenados en recintos penitenciarios”.”.
De esta manera, se permite que Gendarmería, la cual dota de información al Banco Unificado de Datos, pero no posee competencias para utilizar dicha información entregada por otras instituciones, use dicha información para la realización propia de su función de custodio de las personas privadas de libertad.
La comisión aprobó el presente proyecto, por lo que solicito a la Sala que también le dé su aprobación.
Es todo cuanto puedo informar.
He dicho.";1
"2";"21555";8;2023;3;"GONZÁLEZ";"don Mauro";"El señor GONZÁLEZ (don Mauro).-
Señor Presidente, en razón de que este es un proyecto importante para cientos de funcionarios de Gendarmería, quisiera un poco de respeto de parte de la Sala para que puedan ser escuchadas las intervenciones.";1
"3";"21555";10;2023;3;"GONZÁLEZ";"don Mauro";"El señor GONZÁLEZ (don Mauro).-
Señor Presidente, la situación de Gendarmería de Chile ante la crisis de seguridad y dentro del sistema procesal penal es compleja. El proyecto crea un delito general de extorsión, vinculado al aumento de esta conducta en el país que afecta a personas y familias. Esta figura penal es ampliable a Gendarmería, que también sufre extorsiones en el cumplimiento de sus funciones.
Hoy nadie puede dudar de que el crimen organizado ha penetrado en las cárceles del país; por lo mismo, se requiere contar con nuevas estrategias para enfrentarlo. Para ello es necesario dotar de herramientas potentes al sistema penitenciario.
El personal de Gendarmería se ve enfrentado diariamente a situaciones que ponen en riesgo sus vidas: son amenazados y deben vivir con quienes les amenazan.
Si bien queremos entregar nuevas herramientas para el combate contra la delincuencia, y este proyecto va en esa línea, ello no es suficiente. Debemos avanzar en una norma penal que sancione las amenazas contra Gendarmería sin olvidar las condiciones de infraestructura de las cárceles.
He visitado la cárcel y me he reunido con dirigentes de Gendarmería para conocer de primera fuente cuál es su realidad. Son ellos quienes deben enfrentar la venta de drogas al interior de la cárcel o el lanzamiento de ellas desde el exterior. Son ellas, las funcionarias, quienes realizan al interior del penal de Puerto Montt labores de vigilancia en las torres sin contar con un baño adecuado. Son ellos los que tienen que trabajar con radios recicladas y botas rotas, lo que los ha obligado a iniciar movilizaciones para ser escuchados, como ocurrió hace poco en Osorno.
Es cierto, debemos legislar para que al interior de las cárceles Gendarmería cuente con mayor poder resolutivo y respaldo legal, pero no sacamos nada con hablar de extorsión o con darle participación como un organismo auxiliar de la investigación si no asumimos que aquello debe estar ligado a la palabra condición, esa que da dignidad a quienes realizan un importante trabajo al interior de los centros penales del país.
Votaré a favor esta iniciativa, sin dejar de hacer presente que falta mucho por avanzar en mejores condiciones de trabajo para los funcionarios y funcionarias de Gendarmería de Chile.
He dicho.";1
"4";"21555";12;2023;3;"LILAYU";NA;"El señor LILAYU.-
Señor Presidente, este proyecto consta de cuatro artículos, de los cuales quiero destacar dos que me parece que van en la dirección correcta.
Primero, el que dispone la ampliación de la facultad de Gendarmería, ya que es en las cárceles donde se urden numerosos actos preparatorios u otros relacionados con el crimen.
Segundo, el que establece la ampliación del delito de extorsión, lo que sin duda es un avance, ya que dicha conducta afecta directamente a los funcionarios de la institución.
No obstante, sinceramente, aquello es insuficiente. También debemos preocuparnos por las personas, por los hombres y mujeres que dan vida a Gendarmería, para mejorar sus condiciones laborales y solucionar el problema de falta de personal y de jornadas extenuantes, que muchas veces ponen en peligro sus vidas producto del cansancio.
No es posible que en mi región, la de Los Lagos, funcionarios de Gendarmería usen radios recicladas, que muchas veces no funcionan y dejan incomunicados a los gendarmes dentro de los recintos penales. No es posible que el calzado que utilizan no reúna las condiciones mínimas de uso. No es posible que no cuenten con instalaciones mínimas o decentes para realizar su trabajo. Tal como lo dijo el colega que me antecedió en el uso de la palabra, el hacinamiento del personal en el recinto penal de Osorno, comuna que pertenece al distrito que represento, es realmente inhumano.
Espero que también nos preocupemos de estos temas para mejorar todo lo que hoy estamos impulsando, con el objeto de que las futuras leyes en materia de seguridad no sean letra muerta en el corto plazo.
En consecuencia, anuncio mi voto a favor de esta iniciativa.
He dicho.";1
"5";"21555";14;2023;3;"BÓRQUEZ";NA;"El señor BÓRQUEZ.-
Señor Presidente, me parece impresentable que el gobierno recién en diciembre haya ingresado a tramitación legislativa esta iniciativa para hacer frente a la crisis que se está viviendo en el interior de los centros penitenciarios debido al aumento de los casos de extorsión que afectan a los funcionarios de Gendarmería y a las familias de los reos que están siendo amenazados.
Hace más de nueve meses, el juez del Primer Juzgado de Garantía de Santiago visitó, en forma extraordinaria, el complejo penitenciario Santiago 1, luego de que un interno denunciara torturas y extorsiones al interior de ese recinto, las que fueron perpetradas en contra de reos primerizos que se encuentran en prisión preventiva.
Por ejemplo, dentro del módulo 34 de esa cárcel, entre diez y quince extranjeros recibieron a un imputado con agresiones verbales y empujones, para luego llevarlo hacia las duchas, lugar que no se encuentra cubierto por cámaras de seguridad. Ese imputado fue trasladado al módulo 88, donde fue amenazado por un grupo de chilenos, que procedieron a sacarle la ropa para fotografiarlo y exigirle los números de teléfonos de sus familiares, con el fin de enviarles audios y fotos para exigir dinero a cambio de no hacerle daño.
Las extorsiones se han convertido en un verdadero negocio lucrativo al interior de las cárceles, y la única manera de poner orden en esta materia y brindar seguridad a los familiares de los reos es que los funcionarios de Gendarmería puedan apoyar la labor del Ministerio Público para investigar esos hechos.
Junto con anunciar que voy a apoyar esta iniciativa, quiero señalar que espero que estos hechos no estén ocurriendo en mi distrito, en Puerto Montt, en la provincia de Chiloé y en la provincia de Palena.
He dicho.";1
"6";"21555";16;2023;3;"LABRA";"doña Paula";"La señorita LABRA (doña Paula) .-
Señor Presidente, ministros presentes, quiero recordar que este gobierno, a través del Ministerio de Salud, prohibió el uso de escáneres corporales, que permitían identificar el ingreso de sustancias y objetos ilícitos en el interior de las cárceles, pero posteriormente, como siempre, echó pie atrás. Eso nos demuestra con claridad que no hay interés en resguardar la integridad física de quienes trabajan y contribuyen por una sociedad más segura.
Hoy, las cárceles son escuelas de especialidad en delincuencia. Entre el 2022 y lo que va del 2023 se lograron incautar 21 kilos de drogas, más de 7.500 armas blancas y 4.000 celulares. Incluso, vemos delincuentes en el interior de las cárceles que graban videos para redes sociales, como lo hace la llamada “narco reina”, que, lamentablemente, tiene más de 5 millones de reacciones positivas a sus videos dentro de la cárcel.
Si bien este proyecto es un avance, es necesario seguir legislando para dar mayor seguridad y respaldo a nuestras policías y a nuestros gendarmes en la lucha efectiva contra la delincuencia.
Es desolador que para la tramitación de estos proyectos de ley con suma urgencia el gobierno esperara la pérdida de una mártir más de Carabineros, además de tener que lamentar el sentir de impotencia e inseguridad de millones de chilenos.
Después de un año de gobierno del Presidente Gabriel Boric ya no queremos seguir escuchando su permanente indignación o su intención de perseguir a los delincuentes como un perro, y mucho menos lo contraproducente que sería que acompañara a carabineros en sus procedimientos. Queremos que de una vez por todas haga la pega, que no siga del lado de los delincuentes, que no los indulte, que trabaje por devolver la seguridad y la paz a todas las familias chilenas, para que nuestros hijos puedan volver a jugar tranquilos en sus barrios.
Por último, ya que el gobierno destaca por su inacción en materia de seguridad desde la época en que muchos de sus integrantes eran diputados, nosotros, los parlamentarios, tenemos el deber y la esperanza de todos los chilenos depositada en nuestras manos para trabajar y legislar sin piedad contra la delincuencia, y para otorgar todo el respaldo a nuestros policías.
He dicho.
-Aplausos.
El señor MIROSEVIC (Presidente)-
Tiene la palabra el diputado Andrés Celis.";1
"7";"21555";17;2023;3;"CELIS";NA;"El señor CELIS.-
Señor Presidente, es innegable que los fenómenos delictivos se han complejizado y que han mutado hacia nuevas formas comisivas, como lo son la ciberdelincuencia y diversas formas de criminalidad organizada. Se trata de un fenómeno mundial, no solo nacional.
Pues bien, atendida la gravedad de las consecuencias de estos delitos, de violaciones a los derechos humanos, de detrimento del desarrollo social, económico y cultural, entre otros, los países deben, necesariamente, adecuarse a esta nueva realidad y deben proveerse de instrumentos jurídicos adecuados para su persecución y sanción. Chile está al debe y la situación es gravísima.
Este proyecto, que viene a reforzar las atribuciones de Gendarmería y que reformula el tipo penal de extorsión, es una forma de avanzar en el sentido descrito. Por ello lo votaré a favor con convicción, así como también todas aquellas iniciativas que hemos impulsado que van en la dirección de aumentar la seguridad de nuestro país y, consecuentemente, proteger a nuestros compatriotas.
Estoy absolutamente disponible para trabajar por ello sin descanso, de manera de lograr aprobar una agenda de seguridad robusta, suficiente y, por cierto, adecuada.
Por la memoria de Rita Olivares, oriunda de esta región; por la memoria de Álex Salazar , y por tantos otros que han partido, hago un llamado a nuestros gobernantes, al Presidente de la República y a todas nuestras autoridades para que, de una vez por todas, se hagan cargo de la situación que vive el país e impulsen medidas concretas, eficientes y eficaces, tendientes a dar seguridad a todos y a todas.
He dicho.";1
"8";"21555";19;2023;3;"VENEGAS";NA;"El señor VENEGAS.-
Señor Presidente, durante hoy, mañana y seguramente en muchos días más vamos a seguir abordando este problema que estremece a todo nuestro país, que tiene que ver con la seguridad ciudadana.
Se trata de un problema muy complejo, que tiene raíces muy profundas. Para problemas complejos nunca habrá soluciones simples y fáciles, de manera que aquellos que pretendan realizar ese tipo de soluciones le mienten a la ciudadanía. Esto es mucho más profundo.
Dentro de la profundidad de los problemas que tienen que ser resueltos, uno de los que tiene mayores complicaciones es precisamente el sistema carcelario que existe en nuestro país. Por ejemplo, el delincuente que asesinó a una carabinera el pasado fin de semana cayó preso por primera vez a los catorce años de edad.
Seguramente, antes estuvo recluido en distintos lugares. Desde los catorce años de edad no ha tenido otra vida que estar en las cárceles. ¿Qué ha hecho el Estado con esas personas? Lo pregunto, porque este no es un caso aislado, sino que son cientos de niños y niñas que algún día caen presos y que nunca más vuelven a salir de ese flagelo. Ello ocurre porque el sistema penitenciario no se está haciendo cargo de este drama con profundidad, con el objeto de solucionarlo.
El hacinamiento de nuestras cárceles no afecta solo a los condenados, sino también a nuestros gendarmes.
Además, los recintos penitenciarios de nuestro país tienen deficiencias en materia de rehabilitación. Tenemos un sistema penal que debiera ser distinto para menores y para adolescentes, y debiera existir un sistema diferenciado en lo que tiene que ver con la reclusión o con las distintas penas o condenas que se están cumpliendo.
Hay que decirlo claramente: el hecho de tener más presos en las cárceles o aumentar las penas no significa disminución de delitos. El problema es mucho más profundo y más grave.
Por eso, la reforma se relaciona con ampliar las facultades que tiene el gendarme, porque estos funcionarios también usan armas, que son de menor calibre, por ejemplo, que las que tienen los policías, y son a veces quienes viven situaciones mucho más apremiantes, más gravosas y más complejas.
Asimismo, también debemos absorber y resolver en profundidad lo relativo a las condiciones laborales de nuestros gendarmes, porque ellos laboran a diario en el lugar más peligroso de nuestra sociedad.
Por lo tanto, esta es una iniciativa que va en el sentido correcto, porque tiende a ampliar las citadas facultades y porque además se hace cargo de nuevos tipos penales que necesariamente deben ir resolviéndose.
Por consiguiente, votaré a favor el proyecto. Pero hago un llamado para que resolvamos el problema en una dimensión mucho más profunda, porque Chile lo requiere, porque la delincuencia y la seguridad no son temas para hacer gárgaras o cuestiones de carácter político, ya que nuestro país no acepta más el tipo de situaciones que estamos viviendo.
He dicho.";1
"9";"21555";21;2023;3;"GONZÁLEZ";"doña Marta";"La señora GONZÁLEZ (doña Marta).-
Señor Presidente, sin duda, para este problema complejo -aquí comparto lo dicho por los colegas- se necesitan soluciones multifactoriales, que vienen de distintos ámbitos de la sociedad.
A este gobierno hoy le toca hacerse parte de una crisis institucional que no viene de hace un par de años, sino de décadas de abandono de las instituciones.
Entonces, tenemos que parar con este doble estándar de, por un lado, salir a respaldar a toda la institucionalidad de la fuerza pública, y, por el otro, negar los recursos, votar en contra de una reforma tributaria que iba en beneficio de mejores condiciones laborales para los funcionarios de seguridad, para policías, para Gendarmería.
Durante mis visitas a las cárceles de Rancagua, de mi región, en reuniones sostenidas con personal de Gendarmería, me he encontrado con una realidad lamentable respecto de la cual lo primero que esos funcionarios dicen y colocan como primera prioridad es cómo poder cumplir de mejor forma su labor. En este sentido, es inaceptable que hoy ellos tengan que pelear por cosas tan básicas como elementos de protección personal.
Entonces -agradezco la presencia del ministro-, se trata de cosas básicas que debemos solucionar, y no podemos ir entregando por goteo elementos de protección personal a unas cárceles, dejando desprovistas a otras.
Sin duda, hay que atacar un hoyo que viene mermando a nuestras policías y a Gendarmería desde hace muchos años; pero hoy debemos poner todo el esfuerzo en solucionar estos temas garrafales. Por ejemplo, tenemos una estadística brutal: cuatro funcionarios de Gendarmería por cada quinientos internos. Solo el 20 por ciento del personal de dicha institución está en trato directo con los reos.
Además, no se dispone de ayudas para la salud mental del personal de Gendarmería. Tenemos una estadística lamentable de suicidios de estos funcionarios, porque les toca -colegas así lo dijeron- enfrentar una realidad brutal de nuestra sociedad.
Por tanto, también solicitamos que se trabaje en esas materias, porque esto no es solo tema de ley, sino que hay todo un aparataje que debemos mover en función de la logística que puedan tener las policías y Gendarmería.
De igual modo, los funcionarios -ellos ejercen su labor por veinte, veinticinco años- nos manifiestan con mucha preocupación la poca voluntad de generar espacios para que los internos se puedan rehabilitar y se puedan desarrollar en otros ámbitos para hacer una reinserción real de la población penal.
Por último, valoro que hoy esté presente el ministro, pero quiero solicitar que avancemos fuerte y rápidamente en situaciones tan lamentables como ayudas médicas y elementos de protección personal para Gendarmería, que es lo mínimo que podemos corregir hoy.
He dicho.";1
"10";"21555";23;2023;3;"PÉREZ";"doña Catalina";"La señorita PÉREZ (doña Catalina) .-
Señor Presidente, por su intermedio saludo al ministro.
Asimismo, anuncio que votaré a favor de este proyecto presentado por el gobierno del Presidente Gabriel Boric, porque la situación carcelaria del país me parece altamente preocupante y creo que necesitamos más herramientas para hacernos cargo de este problema desde las instituciones.
Sin ir más lejos, en mi región se encuentran dos de los recintos penitenciarios más sobrepoblados del país: Taltal , con un 353 por ciento de sobrepoblación, y Tocopilla , con un 183 por ciento. El total a nivel del país es de un 110 por ciento de sobrepoblación.
Además, el hacinamiento en las cárceles es un problema serio por las condiciones infrahumanas en que se encuentra la población carcelaria y porque en el último tiempo hemos visto cómo aparecen organizaciones criminales al interior de tales recintos, intensificando y diversificando la actividad criminal.
La población carcelaria se encuentra a cargo y bajo la supervisión de Gendarmería de Chile, y es fundamental apoyar esa gestión. Este proyecto busca reforzar las competencias de Gendarmería, lo que no es menor porque es esencial mejorar la coordinación entre el Ministerio Público y dicha institución para poder investigar y, por ende, juzgar a quienes cometen delito dentro de los recintos penitenciarios, y desarticular mediante investigación al interior de las cárceles a las bandas que operan fuera de ellas.
En la misma línea de fortalecer la coordinación, de generar la máxima coordinación y cooperación posible, este proyecto incorpora al director general de Gendarmería a la Comisión de Coordinación del Sistema de Justicia Penal, actualmente integrada por PDI, Carabineros, el fiscal nacional, el defensor penal público, el presidente de la Corte Suprema y el subsecretario de Justicia.
Por último, esta iniciativa también se hace cargo de legislar sobre el delito de extorsión, una deuda histórica en nuestro país, de tal manera que los jueces puedan aplicar con toda fuerza la ley asociada a dicho delito, que además es bastante habitual en las cárceles.
Enfrentar la grave situación en las cárceles requiere el esfuerzo de todos y todas, de los políticos de lado y lado, pero también de instituciones fortalecidas que estén a la altura, que puedan hacerse cargo de los nuevos fenómenos delictuales. El espectáculo y las soluciones simplistas no le bastan a la democracia y no le bastan a la gente.
He dicho.";1
"11";"21555";25;2023;3;"MUÑOZ";"doña Francesca";"La señora MUÑOZ (doña Francesca).-
Señor Presidente, este proyecto es clave para que Gendarmería pueda colaborar de forma más activa en la investigación y persecución del grave incremento del crimen organizado en nuestro país.
Junto con ello, se busca que Gendarmería pueda acceder a más información, al Banco Unificado de Datos, creado por la ley N° 20.931. En él se cruza información entre el Ministerio Público, Carabineros, la Policía de Investigaciones, Gendarmería y el Poder Judicial.
Hasta ahora, la información a la que accede Gendarmería respecto de las políticas de reinserción es limitada. Con este proyecto, la información a la que con la futura ley podrá acceder será vital para desarticular contactos entre miembros de bandas criminales que quizás no figuren en la sentencia condenatoria, pero que sí estén dentro de la información que tiene disponible el Ministerio Público o las policías.
Ahora bien, junto con esto, se debe avanzar en entregar más herramientas a Gendarmería para desbaratar a las bandas criminales que están dentro de las cárceles. También es necesario dotar a la institución con el respaldo necesario para colaborar en desbaratar a las bandas narcoterroristas que operan específicamente en la macrozona sur, donde los gendarmes constantemente reciben amenazas de muerte, ciertos reos gozan de beneficios incomprensibles y no se someten a ningún régimen.
Esta situación es grave y esos funcionarios necesitan un mayor respaldo del gobierno y un soporte adicional en recursos para poder contar con el equipamiento de seguridad. Asimismo, se requiere un cambio en los reglamentos, que se entregue una señal de justicia y no impunidad.
Finalmente, es necesario modernizar la regulación a nivel reglamentario para hacer frente a la actual crisis de seguridad que vive nuestro país dentro de las cárceles, cuestión que tampoco se ha hecho en mucho tiempo, en lo que también -insisto- se deben dar señales claras de justicia y no impunidad.
He dicho.";1
"12";"21555";27;2023;3;"PULGAR";NA;"El señor PULGAR.-
Señor Presidente, por su intermedio quiero saludar a la ministra y al ministro y llevarlos al año 2010, cuando se produjo el incendio de la cárcel de San Miguel, que costó la vida a 81 reos y sumó 16 personas heridas. ¿Cuánto han cambiado las condiciones en la cárcel desde entonces? No mucho.
A través de esta ley estamos entregando más herramientas y más competencias a Gendarmería de Chile, pero lamentablemente las condiciones de trabajo son las mismas de aquel entonces, lo cual puedo confirmar, ya que, por mi trabajo en el ámbito penal, me tocó recorrer distintos centros penitenciarios desde Arica a Punta Arenas, y por eso puedo afirmar que esa realidad no ha cambiado mucho.
En la Región del Maule, hace tres semanas, un interno trató de darse a la fuga, pero el rápido actuar de los gendarmes permitió su captura en menos de treinta segundos.
Afortunadamente, no hemos tenido fugas masivas ni incendios como el de 2010 que tengamos que lamentar. A pesar de que han pasado trece años de ese lamentable hecho, el Estado se encuentra estancado, solamente mira para el lado y no asume la realidad.
El crimen organizado está haciendo de las suyas, y lo está haciendo también desde la cárcel, donde tampoco hay garantías para los funcionarios de Gendarmería que allí desarrollan su trabajo.
Por eso, es bueno replantear la distribución de los reos atendiendo a su grado de criminalidad. Así, debemos tener cárceles especiales para aquellos que sean parte del crimen organizado y extremar las medidas de seguridad, porque es posible ver en algunos centros penitenciarios registros de video, TikTok y otras redes sociales.
En el caso de los indultos, los informes de Gendarmería parecen ser solamente decorativos. Por eso, es bueno que sean considerados al momento de tomar una decisión tan importante.
He dicho.";1
"13";"21555";29;2023;3;"MALLA";NA;"El señor MALLA.-
Señor Presidente, las y los gendarmes de Chile, en especial de Arica, han tenido que soportar el ingreso del crimen organizado a las cárceles del país.
Fuimos testigos de la llegada de una banda criminal internacional que, afortunadamente, se logró desbaratar en Arica, gracias a la labor investigativa de las policías y de los fiscales. La posibilidad de que lleguen a nuestras cárceles criminales altamente peligrosos y con gran nivel de organización y operación es una amenaza real, y para enfrentarla hay que fortalecer la coordinación entre el Ministerio Público y Gendarmería, así como también mejorar las condiciones de seguridad en las cárceles.
Este proyecto logra avances en esa línea, pero -como en la mayoría de los proyectos que vamos a tratar esta semana- necesitamos avanzar en soluciones sistémicas y de amplio impacto.
¿Cuándo nos vamos a poner de acuerdo para realizar una gran reforma de seguridad? Pido a todas las fuerzas políticas que nos comprometamos a avanzar en mayores y mejores condiciones para el trabajo de Gendarmería, avanzar en reinserción y evitar que las bandas criminales operen desde las cárceles.
Hace un tiempo recibimos denuncias de ariqueños, dueños de almacenes, pymes, gente de esfuerzo, aterrados por amenazas y extorsiones violentas para dejarlos trabajar.
Aprobaremos esta iniciativa, pero cabe señalar que ingresamos otro proyecto para resolver ese problema, por lo que pido el apoyo de mis colegas para aprobar también dicho proyecto.
He dicho.";1
"14";"21555";31;2023;3;"BELTRÁN";NA;"El señor BELTRÁN.-
Señor Presidente, saludo a la ministradel Interior y Seguridad Pública y al ministro de Justicia y Derechos Humanos.
Es de público conocimiento que una cantidad importante de delitos se coordinan desde las cárceles, transformándose en verdaderas centrales operativas para las bandas más peligrosas del país.
Soy una persona de terreno, que escucha y conversa con los distintos actores. Me he reunido con funcionarios de Gendarmería para conocer de cerca su labor y sobre todo sus necesidades.
No es posible que quienes cometan delitos, muchos de los cuales son de la más extrema gravedad, con total impunidad sigan aumentando su patrimonio, dañando a los chilenos y exponiendo la vida de los funcionarios de Gendarmería, que sienten inseguridad y miedo al momento de enfrentar su trabajo.
Votaré a favor de ampliar las competencias de Gendarmería, conciliar las investigaciones del Ministerio Público, permitirles el uso del Banco Unificado de Datos y modificar el Código Penal para crear el delito general de extorsión.
Esperamos que estas medidas permitan cambiar esta realidad y dotar de mayores competencias y herramientas a Gendarmería, eliminando así de raíz las mentes que están detrás de los delitos, las bandas criminales y su organización.
Señor Presidente, por su intermedio, solicito al señor ministro de Justicia y Derechos Humanos tener una especial preocupación por las condiciones de trabajo de los funcionarios de Gendarmería de Curacautín y de Victoria y, además, preocuparse por la seguridad de los funcionarios de Gendarmería de Angol, que han pasado momentos muy difíciles y críticos.
Reitero mi voto favorable al proyecto.
He dicho.";1
"15";"21555";33;2023;3;"SCHUBERT";NA;"El señor SCHUBERT.-
Señor Presidente, saludo a la ministradel Interior y Seguridad Pública, al ministro de Justicia y Derechos Humanos y a sus asesores.
El proyecto de ley establece a Gendarmería como auxiliares en la investigación de tantos delitos que hoy se están cometiendo desde el interior de las cárceles, cosa que venimos escuchando desde hace tiempo, pero ahora vamos a tener una legislación que fortalece la participación de Gendarmería en, por ejemplo, la persecución de las estafas telefónicas o el tráfico de drogas al interior de las cárceles.
Esto es bueno, esta es una buena noticia, esto puede producir los cambios que estamos esperando. Se agrava la pena cuando funcionarios públicos colaboran con delitos como la introducción de elementos prohibidos a las cárceles. También, la iniciativa se refiere a cuando se constriñe o se extorsiona. Además, permite a Gendarmería el acceso al banco unificado de datos, lo que también es relevante, porque Gendarmería ha estado un poco al margen, ha sido considerada el hermano pobre, y esta es una primera muestra de relevar su función y ponerla más a nivel.
Todos somos conscientes de que esto es insuficiente, porque siguen faltando muchos recursos, mucho equipamiento de protección personal, falta tecnología, como escáneres o inhibidores de señales, y sigue habiendo un gran hacinamiento en nuestras cárceles. Se requiere segregar a los miembros de bandas organizadas, que hoy se mezclan con el resto de la población penal, lo que claramente es un perjuicio para los internos y para la calidad de vida en los recintos penales.
Además, falta mejorar mucho la calidad del trabajo de nuestros gendarmes, la calidad de vida de los gendarmes al interior de las cárceles y, por supuesto, como se ha dicho, apoyar la rehabilitación y reinserción social, algo en lo que estamos muy al debe.
Finalmente, no puedo dejar de lamentar que este proyecto importante, así como otros que estamos viendo en estos días, solo se discutan luego de la muerte de dos carabineros. Entonces, las urgencias aparecen y son posibles las sesiones extraordinarias.
Aquí hay una responsabilidad del gobierno actual, así como también lo fue del gobierno anterior, pero también de la Presidencia de la Cámara de Diputados y de las presidencias de las comisiones, porque la seguridad es prioridad número uno desde hace tiempo.
Esperamos múltiples muestras de apoyo concreto del gobierno a Carabineros y también a Gendarmería, luego de tanto descrédito y desprestigio, porque va a costar mucho olvidar los dichos, los tuits, los discursos y las votaciones realizadas.
La urgencia no comenzó con el homicidio de doña Rita Olivares ; seamos sinceros. Tal vez, si se hubiese respetado a Carabineros y hubiésemos tenido estas leyes en el momento oportuno no tendríamos que lamentar la muerte de tantos compatriotas.
Hay que ser responsables siempre, pero también en el momento oportuno. Vamos a aprobar este proyecto de ley.
He dicho.";1
"16";"21555";35;2023;3;"LEE";NA;"El señor LEE .-
Señor Presidente, este domingo un gendarme de la cárcel de Acha, en Arica, fue agredido de gravedad mientras cumplía con su deber. Desde acá, saludo a los funcionarios de Gendarmería por su diaria y riesgosa labor.
Recuerdo aún que, en esta misma fecha, el año pasado, exigíamos que Gendarmería fuese integrada a las mesas
para combatir la delincuencia y el crimen organizado. Qué bien que así haya sido. Por eso celebro este día. Celebro los proyectos, este y los otros que veremos, los que sin duda aprobaremos en estas sesiones extraordinarias, porque es lo que viene exigiendo Chile desde hace años.
Agradezco el cambio de discurso; agradezco el cambio de prioridades; agradezco al gobierno que al fin esté empatizando con los trabajadores que son asaltados cuando se dirigen a sus labores y con las familias que no duermen tranquilas ni aun en sus hogares. Es un Estado que se ajusta a los nuevos delitos como consecuencia de la inmigración descontrolada; un Estado que comienza a devolver la dignidad a las policías y a Gendarmería, aumentando sanciones a quienes los agreden, facultándolos a defenderse como corresponde.
Espero, sinceramente, que hoy sea el comienzo de un nuevo caminar y entendimiento entre gobierno y oposición, que permita a los chilenos recobrar la paz y la tranquilidad perdidas.
Votaré a favor este y los demás proyectos del día. Agradezco el trabajo realizado por la Comisión de Seguridad Ciudadana y el gobierno.
He dicho.";1
"17";"21555";37;2023;3;"BERNALES";NA;"El señor BERNALES.-
Señor Presidente, es una tremenda señal que hoy estemos legislando proyectos que refuercen las competencias de Gendarmería. Nosotros vamos a apoyar a Carabineros, pero también requerimos apoyar a otras instituciones, como Gendarmería. Lamentablemente y con toda razón, muchas veces esa institución se siente olvidada.
Señor Presidente, en el período anterior, no recuerdo si fue en 2018 o 2019, visitamos dependencias de Gendarmería. Pudimos constatar las malas condiciones en que se encontraba uno de sus centros, donde ni siquiera los colchones estaban buenos. A raíz de la noticia, un privado hizo una donación de colchones, para que los gendarmes mejoraran sus condiciones materiales.
Señor ministro -por su intermedio, señor Presidente-, le quiero pedir que nos ayude a resolver una serie de problemas que tenemos con Gendarmería en la Región de Los Lagos. Lo conversamos en una reunión que sostuvimos; también le envié un wasap con algunas imágenes que mostraban las condiciones en que se encuentra el penal de Puerto Montt, sobre todo las garitas donde están las centinelas, mujeres que no tienen acceso a un baño, a pesar de que deben estar cumpliendo con su servicio durante seis horas. Usted se comprometió a ayudarnos.
Por eso, quiero comprometerlo para que cuando esté en la región nos acompañe, ojalá con todos los diputados del distrito, a abordar esta materia.
Vamos a apoyar este proyecto.
He dicho.";1
"18";"21555";39;2023;3;"PÉREZ";"doña Joanna";"La señora PÉREZ (doña Joanna).-
Señor Presidente, quiero saludar al ministro de Justicia y Derechos Humanos y a la ministra del Interior y Seguridad pública.
Sin duda, hoy nuestro trabajo requiere una mirada distinta, que articule voluntades, acuerdos y disposición, sin desmerecer todos los esfuerzos que se han hecho por años, pero también sin desconocer la inacción por parte del Estado y lo que se ha dejado de hacer en la materia. Hoy, las cárceles se toman nuestras calles y nosotros no estamos dimensionando aquello.
La comisión especial investigadora contra el crimen organizado, que trabajó por más de tres meses, donde hubo diputados de todos los sectores -hizo un gran aporte y más de 50 propuestas-, ahonda específicamente en el sistema carcelario. Este proyecto aporta, pero es totalmente insuficiente.
Hacer conversar a los bancos unificados de datos es muy importante, pero hay que aplicar ingeniería, hay que saber dónde se delinque, dónde vive la red de la persona que cometió un delito y está privada de libertad. Si esa persona es parte del crimen organizado, genera otro tipo de delitos, porque ya es parte de una banda que funciona dentro y fuera del sistema carcelario. En ese sentido, debemos preparar a Gendarmería para que enfrente esos nuevos delitos, pero no lo estamos haciendo.
Sin duda, voy a apoyar este proyecto, pero aquí el trabajo en materia de seguridad tiene que ver con todos los poderes del Estado: Ejecutivo, Legislativo y Judicial. También hay que revisar si vamos a crear un Ministerio de Seguridad Pública y si está bien o no que Gendarmería esté bajo el alero del Ministerio de Justicia. Eso hay que decidirlo y evaluarlo, porque parece que le tenemos miedo a los gremios con los que he tomado contacto.
Debemos ser eficientes con el Estado que queremos construir para combatir los crímenes. En esa tarea se verá afectada nuestra población penal, pero sobre todo Gendarmería.
Hemos luchado para instalar inhibidores de señales telefónicas. Hoy es una realidad, pero nos costó. También resulta necesario aumentar penas para los funcionarios que se dejan corromper. Ahí hay que trabajar de lleno.
Apoyamos el proyecto, pero hay mucho más por hacer.
He dicho.";1
"19";"21555";41;2023;3;"JOUANNET";NA;"El señor JOUANNET.-
Señor Presidente, saludo al ministro de Justicia y Derechos Humanos, don Luis Cordero, y la ministra del Interior y Seguridad Pública, señora Carolina Tohá .
Tenemos 83 cárceles. La última que se construyó fue durante el gobierno del Presidente Eduardo Frei Ruiz-Tagle ; después, no se construyó ninguna cárcel más. Esa es la verdad. Necesitamos más cárceles; ese es el tema de fondo.
Señor ministro -por su intermedio, señor Presidente-, quiero reiterar lo que hemos señalado durante la mañana: el gobierno se tiene que meter en este camino. Es tarde, pero es lo que le tocó, y de paso, lo que le tocó al ministro de Justicia y Derechos Humanos. Sin más cárceles no podemos segregar. Por eso las bandas criminales siguen operando con mucho poder en las cárceles y no les pasa nada. Deciden, incluso, quién sale y quién no sale de la cárcel.
Por otra parte, las condiciones en que trabajan los gendarmes, en cárceles hacinadas, no solo son peligrosas, como se señala en este proyecto, sino que atentan contra sus derechos laborales. Con cárceles modernas no pasaría esa situación, porque en ellas los gendarmes casi no tendrían contacto o tendrían muy poco con las personas que están privadas de libertad.
Solamente me quería concentrar en eso. Claro que es importante saber si se terminarán de construir centros penitenciarios durante este período, pero lo relevante al final del día es que este gobierno deje diseñado un sistema de cárceles que nos permita segregar la población penal, para que, en definitiva, las bandas no sigan operando.
He dicho.";1
"20";"21555";43;2023;3;"CIFUENTES";NA;"El señor CIFUENTES.-
Señor Presidente, estamos frente a un fenómeno global, pero con mucha incidencia, también, en nuestras regiones y en nuestros territorios.
Hace diez años se construyó en La Serena una cárcel concesionada que funciona bien, pero hoy está prácticamente en el límite de su capacidad. Ministro -por su intermedio, señor Presidente-, el 40 por ciento de los presos son extranjeros. En el interior de la cárcel se han instalado verdaderas bandas que delinquen. Además, tienen operadores fuera de ella.
Debemos ir en el sentido que nos pide Gendarmería: más recursos, mejor capacitación, mayor disponibilidad y más facultades para que, efectivamente, puedan tomar el control.
En algunas cárceles del país, muy especialmente en la Región de Coquimbo, los gendarmes han sacado la voz.
Prácticamente todas las semanas recurren a medios de prensa para denunciar diversas situaciones: falta de equipamiento, bajas remuneraciones y desincentivo de ingreso de nuevos gendarmes, al igual como ocurre en Carabineros.
Si bien este proyecto va en la línea correcta, todavía es claramente insuficiente.
He dicho.";1
"21";"21555";45;2023;3;"CARIOLA";"doña Karol";"La señorita CARIOLA (doña Karol) .-
Señor Presidente, primero quiero saludar al ministro y a la ministra presentes.
Desde la Comisión de Constitución, Legislación, Justicia y Reglamento hemos trabajado en este proyecto de ley con la máxima diligencia, precisamente porque vemos la importancia de avanzar en medidas en materia de seguridad, abordando todas las áreas y aspectos que se han venido planteando.
Reforzar las competencias de Gendarmería de Chile y crear un delito general de extorsión es la esencia de este proyecto de ley.
Gendarmería de Chile puede tener una incidencia vital en el combate contra el crimen organizado no solo por ser la institución encargada de la aplicación de las normas propias del régimen penitenciario, sino también como un órgano auxiliar del Ministerio Público en lo que respecta a la investigación de ilícitos cometidos al interior de las cárceles.
Tal como lo han dicho varios de mis colegas parlamentarios, aquí está en discusión precisamente cómo de una u otra manera frenamos ese accionar que todos sabemos que ocurre al interior de las cárceles, que se han venido transformando progresivamente en verdaderas escuelas del delito. No es casualidad que más del 60 por ciento de quienes son detenidos y llevados a las cárceles en nuestro país vuelvan a delinquir una vez que salen de ellas. Eso implica necesariamente tomar las medidas al interior no solamente con políticas de reinserción o de inserción social, que son tan necesarias y urgentes. Espero que nuestro gobierno pueda perfeccionar en esa materia medidas que nos permitan anticiparnos a los hechos y también establecer medidas concretas cuando se trata de aquellas acciones que se coordinan al interior de las cárceles, en las cuales, en algunas oportunidades, incluso, han terminado involucrando a los propios funcionarios.
En cuanto a la extorsión, el derecho chileno no cuenta con una tipificación amplia del delito para enfrentarlo. Por ello, este proyecto pretende consagrar una norma de disposición patrimonial mediante coacción en forma amplia, no limitando sus medios comisivos y correspondiendo con las penas asignadas para el delito de robo.
El proyecto busca fortalecer la investigación y también la persecución de las bandas delictivas que operan al interior de los recintos penales. Con este objetivo, esta iniciativa faculta al Ministerio Público para solicitar diligencias investigativas a Gendarmería de Chile, tanto por hechos que ocurran al interior de los recintos como por
aquellos que ocurran al exterior de ellos, pero cuyo esclarecimiento requiera diligencias al interior de los recintos.
Asimismo, agrega a Gendarmería como integrante de la Comisión de Coordinación del Sistema de Justicia Penal y de las comisiones regionales del Sistema de Justicia Penal. Además, amplía los deberes de intercambio de información entre el Ministerio Público, Carabineros, Gendarmería, la Policía de Investigaciones (PDI) y el Poder Judicial, con el objeto de homologar todos estos datos.
La penetración del crimen organizado en las cárceles requiere contar con estrategias para enfrentarla también desde el sistema penitenciario. Por ello, a nuestro parecer, este proyecto va en el camino correcto. Flexibilizar las condiciones de intervención de Gendarmería de Chile como un auxiliar de la investigación permite que dicha institución acceda además al banco unificado de datos, para el cumplimiento de la función como custodia, y agregarla como integrante de la Comisión de Coordinación del Sistema de Justicia Penal, como recién señalé.
También nos parece que la necesidad de fortalecer el rol de Gendarmería radica en la importancia del control sobre medios tecnológicos de comunicación que hoy existen al interior de las cárceles y que conducen bandas criminales que operan desde afuera y también desde adentro, los cuales, muchas veces, son utilizadas en la comisión de delitos por parte de personas que ya están condenadas o están imputadas.
En cuanto al delito de extorsión, el proyecto recoge la propuesta de un delito de extorsión que está contenida en el proyecto de ley sobre delitos económicos, el cual legislamos con mucho detenimiento y preocupación, hace algunos años, en la Comisión de Constitución. Nos parece que ese es uno de los trabajos más serios e importantes que ha hecho la Cámara de Diputadas y Diputados.
Este proyecto se basa ampliamente en el texto del anteproyecto del Código Penal sometido a consideración por el Ejecutivo el año 2018. De esta forma se consagra una norma de disposición patrimonial mediante coacción en forma amplia y acorde a las nuevas formas de criminalidad.
El gobierno del Presidente Gabriel Boric ha dado importantes pasos para enfrentar el crimen organizado -este es uno más de ellos-, a los cuales nos hemos dispuesto transversalmente para avanzar en la tramitación lo más rápido posible de las normas efectivas para hacer una persecución efectiva y completa respeto de lo que esto significa.
La ley de presupuestos para el año 2023 aumentó los recursos un 4,4 por ciento en materia de orden y seguridad pública. A quienes han criticado duramente al gobierno diciendo que no se hace nada que no se les olvide que aquí hay medidas concretas, que se entregan más herramientas, que se entrega más presupuesto y que el incremento que se ha dado en la ley de presupuestos que aprobamos y que el gobierno del Presidente Boric presentó es significativo y es uno de los más altos de los últimos años.
El gobierno está respondiendo con acciones concretas, como la renovación de la dotación de vehículos de Carabineros, la destinación de más recursos para uniformes de protección policial, la destinación a Carabineros, PDI, Gendarmería y otras instituciones de más de 39.000 millones de pesos, para la adquisición de equipamiento en el marco de la política nacional contra el crimen organizado.
Creemos que estas son medidas importantes que hay que destacar y no podemos olvidar, porque aquí no se trata solo de una medida. No pasa solo por legislar, no pasa solo por la coordinación, no pasa solo por el mando particular que se pueda ejercer desde el Ministerio del Interior, no pasa solo por el trabajo de las policías, sino que pasa por todas las instituciones coordinadas y organizadas entre sí, actuando de común acuerdo para enfrentar de manera decidida el crimen organizado.
Me quiero sumar a las palabras de mi compañera Marisela Santibáñez respecto de la interpelación a aquellos sectores que se llenan la boca hablando de la seguridad, pero que, sin embargo, en este momento tienen retenido en el Tribunal Constitucional el proyecto de ley antinarco, que salió de la Cámara de Diputados y que es necesario que entre en vigencia a la brevedad.
Todas las medidas son necesarias y urgentes. Necesitamos que estas avancen para que nuestro gobierno, las policías y las instituciones tengan más y mejores herramientas para la persecución del crimen organizado.
He dicho.";1
"22";"21555";47;2023;3;"BENAVENTE";NA;"El señor BENAVENTE.-
Señor Presidente, sin duda, vamos a votar a favor este proyecto, que amplía el delito de extorsión a las cárceles.
Es una de las cuatro iniciativas que el gobierno envió al Congreso en materia de seguridad después de un año.
El gobierno tiene un extraño concepto de la seguridad, ya que estuvo un año mirando para el lado, a pesar de que en esta Cámara de Diputados había más de cien proyectos de ley relacionados con la seguridad pública que esperaban urgencia para su tramitación. Pero el gobierno prefirió darles urgencia a otros proyectos, como, por ejemplo, al que consagra el Día Nacional de la Visibilidad Lésbica. Por suerte, la presión ciudadana lo hizo retractarse.
Aquí, en este Congreso, descansaba la “ley Nain”, la que, como hemos dicho -lo vamos a seguir repitiendo-, votaron en contra el ahora Presidente Gabriel Boric , la ahora ministra Camila Vallejo , el ahora ministro Giorgio Jackson , el ahora subsecretario Manuel Monsalve y todas las bancadas de enfrente. Esa iniciativa protege no solo a Carabineros, sino también a Gendarmería de Chile.
¿Será que para el gobierno la seguridad está en buscar culpables imaginarios para ciertos delitos? En el caso de los incendios urbanos, el gobierno, en vez de buscar a los culpables en aquellos que se toman los terrenos, culpa a las inmobiliarias. En el caso de los incendios rurales, en vez de buscar a los terroristas y pirómanos, culpa al monocultivo y a los conejos.
Resulta que ahora la inseguridad es culpa del fracaso de la reforma tributaria. ¡Pero si ustedes quieren la reforma tributaria no para resolver los problemas, sino para contratar más parientes y amigos en el Estado!
El subsecretario Manuel Monsalve se extrañaba de cómo los delincuentes que atentaron contra la carabinera estaban libres después de tantas órdenes de detención pendientes. ¿Y por qué no se pregunta por los delincuentes peligrosos y terroristas que están libres solo por la única y exclusiva voluntad del Presidente y sus indultos?
Estamos dolidos. Nos duele Hispanoamérica , la patria grande, sitiada por dictaduras comunistas que solo traen miseria y migración. Nos duele Chile, porque se ha perdido el respeto a nuestras policías, Carabineros y Policía Investigaciones (PDI), y a Gendarmería.
Una mujer chilena ejemplar, madre de dos hijos, fue asesinada con dos balazos en su cabeza. Ella es un ejemplo de dedicación y esfuerzo, porque hizo de su vida y del sacrificio su emblema, como dice el himno de esa institución a la que ustedes denostaron y persiguieron; una mujer que no pertenecía a ningún colectivo, una mujer que soportó en su cara y por redes sociales que la actual ministra de la Mujer y otras le gritaran y le vociferaran: “nunca paca”.
Desde ahí comenzó la violencia. Eso no podía terminar de otra manera, como lo hemos visto en estos días.
He dicho.";1
"23";"21555";49;2023;3;"MATHESON";NA;"El señor MATHESON.-
Señor Presidente, estamos en la semana Rita Olivares ; pero hemos tenido que pasar por la semana David Florido , la semana Carlos Retamal , la semana Álex Salazar y la semana Breant Rivas para escuchar hoy al Presidente de la República en diversos medios de comunicación. Por el bien de Chile, espero que su discurso realmente sea de corazón. Espero que la reflexión sobre su actuación del pasado sea real y no una necesidad política del momento.
Cuesta creerle, no por ser antojadizo, sino porque por mucho tiempo validó la violencia y además porque por mucho tiempo han dormido en la Cámara varios proyectos sobre seguridad sin que fueran puestos en tabla o simplemente porque fueron rechazados sistemáticamente por el actual oficialismo y también por quienes hoy están en el gobierno.
Por otra parte, es fundamental dar urgencia a proyectos que sí van en la dirección correcta de apoyar a las Fuerzas de Orden y Seguridad Pública, como el denominado proyecto de “ley Nain-Retamal”, porque realmente son los que entregan más atribuciones y darían poder y protección a las policías, pero también a los ciudadanos. Los chilenos exigen mayor seguridad y que se traten con urgencia los proyectos de ley que realmente son más eficientes para responder ante una delincuencia, un crimen organizado y un narcotráfico que mortifica al ciudadano de a pie; sí, al ciudadano común, a ese que hoy no se atreve a transitar libremente por las calles de su barrio o de su ciudad.
El gobierno debe dar urgencia y debe dar muestras de una mayor convicción y de un mayor compromiso cuando se analizan proyectos sobre seguridad, y también debe dar urgencia a las iniciativas más eficientes a la hora de dar solución a las demandas ciudadanas. Espero que la denominada “ley Nain-Retamal” sea despachada mañana al Senado. Desde ya, hago un llamado al gobierno a que no demore su tramitación mediante triquiñuelas, y a la Cámara Alta a que lo tramite con rapidez para que sea despachado a ley esta semana.
He dicho.";1
"24";"21555";51;2023;3;"DE REMENTERÍA";NA;"El señor DE REMENTERÍA.-
Señor Presidente, quiero referirme a este proyecto, porque en realidad creo que la ciudadanía no quiere ver una discusión sobre seguridad en torno a perros, en torno a tuits y en torno a fotos. Creo que hay que tomar este tema con seriedad. Sin embargo, veo que nadie ha hablado de Gendarmería en la Sala. Se ha hablado mucho de lo que dijo y no dijo el Presidente de la República o de lo que dijo una ministra en su tuit. Creo que eso no va a solucionar ningún problema de seguridad.
En este discurso, primero, quiero reconocer a los funcionarios de Gendarmería, porque cumplen una labor ardua todos los días en nuestras cárceles, porque casi viven el estar en presidio para poder resguardar a las personas que han faltado a la ley y tienen que cumplir penas de prisión. Esas personas son resguardadas por Gendarmería, y este proyecto apunta a otorgarle mejores instrumentos.
Debemos entender que la extorsión, como una nueva forma de delito, afecta fuertemente el funcionamiento de nuestras cárceles. En ellas se produce lo que se llama el contagio criminógeno entre avezados delincuentes, de cuyo historial no sabemos mucho, porque otros países, como Colombia y Venezuela, no tienen las fichas de filiación que tenemos nosotros en Chile para conocer dicho historial, razón por la cual en nuestro país son considerados primerizos. Esta iniciativa avanza en esa materia.
No obstante, todavía hay situaciones pendientes por abordar, como la infraestructura carcelaria. Debemos entender que hoy las cárceles son escuelas del delito y que, pese al esfuerzo de Gendarmería, muchas veces no se puede rehabilitar lo suficiente. Por eso, debemos mejorar la infraestructura carcelaria, mejorar los programas de rehabilitación y también mejorar las penas alternativas. Hemos visto, por ejemplo, cómo los trabajos comunitarios, que podrían ser una pena muy efectiva respecto de delitos como incivilidades menores, no funcionan muy bien, no permiten adquirir competencias y cuesta que los municipios los desarrollen.
Desde hace mucho tiempo hemos considerado que el hecho de que una persona entre a la cárcel implica terminar con el delito. Hoy, en muchos casos, el ingreso de una persona a la cárcel trae consigo la continuación del delito; la cárcel es donde funciona el delito. No se puede desbaratar bandas pensando que solo metiendo a los delincuentes a la cárcel el problema se va a solucionar. Hemos visto cómo funcionan las bandas desde la prisión.
Debemos mejorar las condiciones de trabajo de los funcionarios de Gendarmería y los instrumentos que tienen.
También hay que considerar algo muy importante: el rol de inteligencia que puede cumplir Gendarmería es clave.
Por eso, insto al gobierno a que, en el denominado proyecto de ley de inteligencia, en el que se menciona a Gendarmería como coadyuvante en la materia, se considere a la dirección de inteligencia de Gendarmería como parte de la comunidad de inteligencia nacional, porque de esa forma podremos sacar mucha información sobre cómo funcionan las bandas criminales. Hemos visto cómo muchas funcionan desde la cárcel. No solo hemos visto los célebres casos de estafas por celulares, sino también cómo funcionan el narcotráfico, la extorsión y el sicariato desde las cárceles. También vemos cómo el Tren de Aragua sigue funcionando con su líder en la cárcel, el mismo líder que entró a Chile en el gobierno del Presidente Piñera.
Por lo expuesto, apoyo firmemente este proyecto; creo que es un avance. Me parece que la discusión sobre seguridad debería girar en torno a esta materia y no en torno a un perro.
He dicho.";1
"25";"21555";53;2023;3;"CORDERO";"ministro de Justicia y Derechos Humanos";"El señor CORDERO (ministro de Justicia y Derechos Humanos).-
Señor Presidente, por su intermedio, ningún plan que tenga por objetivo hacer frente a la criminalidad organizada puede pasar por alto la cárcel.
Agradezco las expresiones que cada uno de los diputados y diputadas ha hecho en torno a este proyecto. Pero esta iniciativa implica reconocer el rol que en la actualidad cumple Gendarmería. Contrariamente a lo que muchos pudieran pensar, los funcionarios y funcionarias de Gendarmería cumplen un rol clave en la persecución del crimen organizado. En la actualidad, Gendarmería dispone de una de las unidades de investigación criminal más sofisticadas que existen en el país, aunque ustedes no lo crean. Esto es reconocido por fiscales, que utilizan a Gendarmería como una herramienta clave en la persecución del crimen organizado. A veces, es bueno mirar los aspectos positivos y no quedarnos con los negativos. Este proyecto avanza sustancialmente en ese sentido, entre otras cosas, porque reconoce definitivamente a Gendarmería como un actor central en el sistema de justicia criminal.
Para decir esto de forma sencilla: lo que ocurre en la cárcel tiene impacto en la calle, y lo que ocurre en la calle tiene impacto en la cárcel. Eso tiene un efecto muy significativo en la persecución del crimen organizado que este proyecto trata de abordar.
¿Y por qué importa lo que señalo? Porque vuestras señorías, en la tramitación de la ley de presupuestos del último año, manifestaron preocupación sobre la organización de bandas criminales al interior de las cárceles.
Trimestralmente, Gendarmería, a través del Ministerio de Justicia y Derechos Humanos, informa mediante la glosa 19 cómo se están comportando y el número de la población penal.
Es cierto que las condiciones penitenciarias y de funcionamiento en algunos penales son deficitarias. También es cierto que durante esta administración se están recuperando esos centros penitenciarios. Sin embargo, a propósito de este proyecto, y especialmente por muchas de las intervenciones que se han realizado, es mi responsabilidad como ministro de Estado señalar que la situación de la población penal en el futuro no será buena. De 2021 a 2022, la población penal creció de 40.000 personas privadas de libertad a cerca de 46.000. En lo que va del año 2023, ese número sigue aumentando. ¿Por qué esa cifra es muy significativa? Porque el número de prisiones preventivas viene aumentando significativamente y esto será en mayor proporción según la región del país. Si las proyecciones continúan, no es de extrañar que en 2024 o 2025 tengamos una población penal cercana a las 50.000 personas.
Esa era la población penal que teníamos en 2010.
Aprobar este proyecto es esencial para el combate al crimen organizado. Es esencial para lo que está haciendo en la actualidad el Ministerio Público junto con Gendarmería, respecto de los focos de investigación criminal al interior de las cárceles, y es eficaz para desbaratar bandas. Pero también es correcto, como muchos de ustedes han señalado, que la situación de los centros penitenciarios se irá complejizando en el futuro. Las agendas de seguridad no tienen efectos neutros, tienen consecuencias. Una de esas consecuencias es dotar de mejores herramientas no solo a las cárceles, sino también al personal de Gendarmería.
Por ahora, el Ejecutivo informa trimestralmente sobre esas condiciones, pero el futuro será complejo, porque la única manera razonable de abordar la lucha contra el crimen organizado, pero sin olvidar la reinserción para cortar el circuito del crimen, es precisamente con leyes que permitan converger en una unidad común.
He dicho.";1
"26";"21555";61;2023;3;"KAST";NA;"El señor KAST.-
Muchas gracias, Presidente.
En verdad, este es un proyecto de ley bastante simple, pero no por eso menos importante. Y al igual que el anterior, se aprobó por unanimidad.
Básicamente, la iniciativa se hace cargo de un delito que tal vez en el pasado no era muy usual en Chile, pero que ahora, como le sucedió a la familia Correa, se han dado casos de sicariato.
En esta ocasión asistieron, del Ministerio del Interior y Seguridad Pública, el asesor señor Tomás Humud ; el Jefe de asesores de la Subsecretaría de Prevención del Delito, señor Rodrigo Muñoz ; la Ministra de Interior , señora Carolina Tohá ; el Subsecretario del Interior , señor Manuel Monsalve ; el Subsecretario de Prevención del Delito , señor Eduardo Vergara , y el Ministro de Justicia .
Asistieron por parte de los Senadores la señora María José Gatica y los señores Iván Flores , Gastón Saavedra , Kenneth Pugh y quien habla.
La idea matriz y fundamental del proyecto consiste en modificar el Código Penal para sancionar los actos preparatorios o de conspiración para cometer el delito de homicidio calificado por premio, promesa remuneratoria o ánimo de lucro.
El mensaje del proyecto plantea que durante los últimos años nuestro país, de conformidad a la estadística de la Subsecretaría de Prevención del Delito, enfrenta un incipiente y preocupante cambio de las características de criminalidad.
La gravedad del problema ha motivado una serie de mociones parlamentarias para aumentar las penas para el delito de homicidio calificado por premio, promesa remuneratoria o ánimo de lucro, o bien para anticipar...";1
"27";"21555";77;2023;3;"KAST";NA;"El señor KAST.-
Se da por informado el del sicariato, tal cual. Muy bien.
Vamos, entonces, al proyecto boletín N° 15.561-07.
En este caso, estuvieron presentes la Ministra del Interior y las personas que nombré recientemente, porque lo tratamos en la misma jornada.
La idea matriz o fundamental del proyecto consiste en permitir que Gendarmería pueda tener capacidad de investigación y formar parte de la realidad investigativa del país.
La presente iniciativa en verdad es bastante simple -el Ministro de Justicia nos acompañó durante gran parte de la sesión e incluso contamos con la presencia del Director Nacional de Gendarmería , con quien me reuní el día lunes- y busca que Gendarmería pase a cumplir un rol investigativo, porque muchas veces se piensa que el delito termina cuando el delincuente entra a la cárcel. Y resulta que hoy día pasa todo lo contrario. Muchas veces la carrera delictual comienza al interior del penal.
Yo quiero felicitar al Ministro de Justicia, porque tiene bastante conciencia de esta realidad. Y me alegra que el combate al delito no sea competencia solo del Ministerio del Interior o de la Subsecretaría de Prevención del Delito, sino también de la Cartera de Justicia.
Uno de los dramas que se manifestó, y que el proyecto busca arreglar, es que Gendarmería no tenía acceso a la Base Unificada de Datos, incluso para sus propias funciones y así poder segmentar a los reos, rehabilitar, o colaborar con la Policía de Investigaciones en la persecución penal, aunque nos comentaron que esa cooperación se hacía de facto y, en la práctica, no estaba regulada.
Fue un proyecto que contó con la unanimidad de los miembros de la Comisión. Y, a diferencia de otras iniciativas, no sufrió modificaciones importantes y solo fue requerida una enmienda muy menor.
Así que, Presidente , invito a la Sala a que ojalá podamos colaborar con este proyecto y que lo hagamos realidad para que de esta manera Gendarmería se transforme en una institución que nos permita perseguir el crimen organizado, cosa que hoy día desgraciadamente no está contemplado en nuestra legislación.
Invito a la Sala a aprobar el proyecto.";1
"28";"21555";81;2023;3;"INSULZA";NA;"El señor INSULZA.-
Presidente , estoy enteramente de acuerdo con el proyecto, lo que ocurre es que entremedio trae un artículo, con el cual también estoy de acuerdo, que redefine el delito de extorsión. Y redefinirlo no es cualquier cosa, porque hoy día es uno de los ilícitos más practicados por el crimen organizado en el país.
Entonces, creo que por un tema de procedimiento, deberíamos votar primero lo de Gendarmería. En eso no tengo ningún problema. Y después decir algo respecto de la extorsión.
Es lo que llamaríamos un proyecto relativamente mixto, Presidente . Y nada más ni nada menos que establece una redefinición del delito de extorsión, que es realmente muy importante.";1
"29";"21555";87;2023;3;"INSULZA";NA;"El señor INSULZA.-
No, creo que lo define mejor que en el Código Penal, pero francamente no estoy seguro a primera vista, así, a ojo.
Había visto esto -quiero confesarlo- como un proyecto sobre Gendarmería, y estaba completamente de acuerdo. Y
de pronto me encuentro con el reemplazo del artículo 438 por el siguiente: ""El que para obtener un provecho patrimonial para sí o para un tercero constriñere a otro con violencia o intimidación"", etcétera, etcétera, ""será castigado con las penas respectivamente señaladas en este párrafo para el culpable de robo"".
La verdad que esta cosa a mí me pone un poquito inquieto, Presidente, para ser bien franco.
Porque creo que las tres principales actividades del crimen organizado, por lo menos en mi región, son el tráfico de personas, el tráfico de drogas y la extorsión. Y diría que a estas alturas hay más gente dedicada a la extorsión que a otra cosa.
Entonces, tratarlo en medio de un proyecto sobre Gendarmería, ¡me parece un poquito raro! Pienso yo.";1
"30";"21555";94;2023;3;"INSULZA";NA;"El señor INSULZA.-
De cierta manera, me estoy haciendo eco de ciertas cosas que dijo el Senador Elizalde hace un rato, que aquí finalmente cualquier cosa cabía. De repente en medio de un proyecto sobre Gendarmería se nos mete uno de los principales delitos cometidos por el crimen organizado en el país.";1
"31";"21555";97;2023;3;"WALKER";NA;"El señor WALKER.-
Señor Presidente , es cosa de escuchar al ex Director Nacional de Gendarmería , don Christian Alveal , para percatarse de que, a propósito de la crisis penitenciaria que vive nuestro país -y que bien conoce el Ministro de Justicia , don Luis Cordero Vega , que se encuentra presente con nosotros y que sé que ha empeñado su nuevo liderazgo en esa Cartera para tratar de ir resolviendo dicha crisis penitenciaria-, la extorsión es un delito, lamentablemente, con cada vez mayor ocurrencia, donde personas privadas de libertad agreden, torturan y aplican todo tipo de violencia contra otros internos; graban estos apremios ilegítimos y los envían a los familiares con el objeto de obtener un pago.
Entonces, en buena hora este proyecto redefine el delito de extorsión.
Supongo que el comentario del Senador José Miguel Insulza atribuye la iniciativa a una virtud y no a un defecto, porque en esta semana legislativa estamos analizando las nuevas formas de comisión de delitos por parte del crimen organizado para ver cómo abordar no solo un aumento de penas, sino también para establecer algunas medidas de prevención -y acá está precisamente el Subsecretario de Prevención del Delito, don Eduardo Vergara , quien se ha dedicado por años a estudiar tales fenómenos y a implementar soluciones- que otorguen más facultades a Gendarmería y para redefinir el delito de extorsión.
Desde luego, resulta fundamental incorporar a Gendarmería en el Banco Unificado de Datos, que lamentablemente no ha dado los resultados que se esperaban cuando se planteó la agenda corta antidelincuencia en el Gobierno de la Presidenta Bachelet . Algunos señalan que es por resistencia de las propias Policías a compartir sus datos. Yo me niego a creer que sea así. Me imagino que tanto la Policía de Investigaciones como Carabineros tienen la mejor voluntad de poner sus datos, sus años de esfuerzo, de dedicación, de investigación, a disposición del sistema.
Nosotros vamos a aprobar este proyecto, Presidente .";1
"32";"21555";99;2023;3;"INSULZA";NA;"El señor INSULZA.-
Por su intermedio, Presidente, quisiera pedir que el Senador Walker me mostrara un solo artículo del proyecto que tenga algo que ver con el delito de extorsión, que no sea aquella norma a la que me he referido. No hay absolutamente nada en el texto que tenga que ver con ese tema.
Así que no nos engañemos.
Aquí hay dos asuntos distintos que están metidos en el mismo proyecto. Constatémoslo y sigamos adelante, como dijo usted, dejando una nota sobre procedimiento que a mí me sirve para decir que mucho de esto es improvisado simplemente.";1
"33";"21555";102;2023;3;"CHAHUÁN";NA;"El señor CHAHUÁN.-
Señor Presidente , Honorable Sala, este proyecto de ley es de suma importancia, ya que, por una parte, permite que Gendarmería de Chile, por instrucciones del Ministerio Público, pueda practicar y efectuar investigaciones al interior de los recintos penales, como auxiliar de dicho organismo; y asimismo refuerza la penalidad contenida en el artículo 304 bis del Código Penal para los funcionarios que ingresen teléfonos móviles o equipos electrónicos complementarios, para que sean utilizados por los reclusos, y cuando el funcionario cometa el referido delito para facilitar la perpetración de otros crímenes que señala.
Asimismo, se reemplaza el texto actual del artículo 438 del Código Penal, que contiene la sanción del delito de robo, para quien, con ánimo de defraudar a otro, lo obligue con violencia o intimidación a suscribir, otorgar o entregar un instrumento público o privado que importe una obligación estimable en dinero.
El texto que se introduce a dicho artículo 438 es del siguiente tenor: ""El que para obtener un provecho patrimonial para sí o para un tercero, constriñere a otro con violencia o intimidación a suscribir, otorgar o entregar un instrumento público o privado que importe una obligación estimable en dinero, o a ejecutar, omitir o tolerar cualquier otra acción que importe una disposición patrimonial en perjuicio suyo o de un tercero, será castigado con las penas respectivamente señaladas en este párrafo para el culpable de robo"".
O sea, la citada norma crea el delito general de extorsión, que se ha generalizado al interior de las cárceles, mediante el cual se constriñe a la víctima para que haga una disposición patrimonial en favor del extorsionador, ya sea mediante la suscripción de documentos públicos o privados, o para ejecutar, omitir o tolerar cualquier otra acción que tenga por finalidad efectuar la referida disposición patrimonial en perjuicio suyo o de un tercero.
Nos parecen muy acertadas tanto la norma que permite actuar a Gendarmería como auxiliar del Ministerio Público en caso de que así se disponga por ese organismo, porque ello se traducirá en la disminución de las conductas delictivas intercarcelarias, como la que crea el delito de extorsión, ya que dicha conducta no estaba normada hasta ahora en nuestra legislación penal y se hace necesario que así se tipifique y sancione.
Nosotros en la Región de Valparaíso interpusimos acciones de denuncia respecto de personas que practicaban este tipo de extorsiones. Y logramos desbaratar dos bandas que operaban en la comuna de Concón.
Acá se requiere lograr tipificar el delito de extorsión y creemos que el proyecto lo hace de manera útil y conveniente.
Del mismo modo, esta proposición de ley viene a complementar, justamente, las acciones que Gendarmería puede ejecutar al interior de los recintos penitenciarios.
Con el Senador Kast -por su intermedio, Presidente- presentamos un proyecto para evitar que se introdujeran artículos a las cárceles con el objeto de perpetrar algún tipo de delito. Esa norma fue aprobada y la presente iniciativa la viene a complementar.
He dicho, señor Presidente.
Vamos a votar favorablemente.";1
"34";"21555";104;2023;3;"CORDERO";"Ministro de Justicia y Derechos Humanos";"El señor CORDERO ( Ministro de Justicia y Derechos Humanos).-
Muchas gracias, señor Presidente .
Por su intermedio, entrego mi saludo a todas las Senadoras y a todos los Senadores presentes.
De manera breve, quiero señalar la importancia de este proyecto, porque ningún plan que tenga por objetivo enfrentar la criminalidad organizada resulta posible si no analizamos la realidad carcelaria.
Habitualmente, en las discusiones que han estado asociadas a parte del debate público solemos poner énfasis en los aspectos negativos y no en los positivos.
Este proyecto viene a reconocer las competencias de Gendarmería desde el punto de vista concreto de sus habilidades, con una gran unidad de investigación criminal en su interior y que, a juicio del Ministerio Público, tiene estándares iguales o superiores al de las otras instituciones que colaboran con ellos.
El proyecto resulta relevante no solo para que Gendarmería realice investigaciones al interior de los recintos penales respecto de delitos que se cometen allí, sino además porque dentro de las cárceles también es posible combatir el crimen organizado.
Gendarmería se ha ido transformando con el tiempo en una institución clave para la persecución penal y este proyecto reconoce esa función.
Sin embargo, Sus Señorías, es mi responsabilidad advertirles que en la medida en que la complejidad contra los delitos aumenta, también crece el número de personas que se encuentran privadas de libertad. En el último año, hemos tenido un incremento de 12 por ciento por tal concepto y los números van a seguir aumentando.
Hago esta advertencia, Sus Señorías, porque para mirar la situación en términos sistémicos, tal como lo planteé en la Comisión de Seguridad de este Honorable Senado, no solo debemos poner énfasis en los aspectos mencionados, sino también en el cumplimiento de las condenas.
Muchas gracias.
Muy amable, señor Presidente .";1
"35";"21555";106;2023;3;"CASTRO";"don Juan";"El señor CASTRO (don Juan).-
Gracias, Presidente.
La verdad es que en materias penales o relacionadas con Gendarmería nunca he podido entender por qué en las cárceles los teléfonos celulares funcionan, cuando la tecnología actual permite evitar que dentro de los penales exista señal.
Cada vez que uno conversa con algún amigo que ha estado preso, qué es lo que dice: que al interior de las cárceles es donde se dirige la delincuencia en el país y en nuestras poblaciones.
Por eso creo que hoy día, si tenemos un Ministro de Justicia preocupado de evitar que sigan ocurriendo hechos delictuales en Chile, deberíamos partir por prohibir de una vez por todas cualquier tipo de comunicación al interior de las cárceles.
Eso sería maravilloso, y traería mucho beneficio para la seguridad de la población.
He dicho, Presidente .";1
